title,duration,views,likes,comments,published_at,engagement,duration_minutes,channel_name,date,time
How to style your input cursor in CSS,PT12S,1616,20,0,2025-10-18T23:43:24Z,0.0123762376237623,0.2,FreeCodeCamp,2025-10-18,11:43:24 PM
Audit the advice you're getting - it's not all gonna be good,PT1M2S,2209,29,0,2025-10-17T23:32:25Z,0.0131281122679945,1.0333333333333334,FreeCodeCamp,2025-10-17,11:32:25 PM
From injured athlete to software engineer with Kaleb Garner [Podcast #193],PT1H13M8S,8458,277,11,2025-10-17T14:00:06Z,0.0340506029794277,73.13333333333334,FreeCodeCamp,2025-10-17,02:00:06 PM
How to use Python's .isprintable() method,PT25S,4042,49,1,2025-10-16T23:18:24Z,0.012370113805047,0.4166666666666667,FreeCodeCamp,2025-10-16,11:18:24 PM
What is the JavaScript DOM?,PT1H58M38S,15296,822,52,2025-10-16T17:58:03Z,0.0571391213389121,118.63333333333334,FreeCodeCamp,2025-10-16,05:58:03 PM
"Why you should surround yourself with the smartest, most driven people",PT1M11S,4518,96,2,2025-10-15T22:52:59Z,0.0216910137228862,1.1833333333333331,FreeCodeCamp,2025-10-15,10:52:59 PM
Intro to MCP Servers ‚Äì Model Context Protocol with Python Course,PT1H12M43S,26650,1131,33,2025-10-15T12:55:53Z,0.0436772983114446,72.71666666666667,FreeCodeCamp,2025-10-15,12:55:53 PM
How to make heart shapes in HTML,PT11S,17008,220,6,2025-10-14T23:29:14Z,0.0132878645343367,0.1833333333333333,FreeCodeCamp,2025-10-14,11:29:14 PM
Google Generative AI Leader Certification Course ‚Äì Pass the Exam!,PT3H24M20S,48825,1604,48,2025-10-13T13:49:05Z,0.0338351254480286,204.33333333333331,FreeCodeCamp,2025-10-13,01:49:05 PM
Evan You ‚Äì From Art School Kid to Open Source Legend [Podcast #192],PT1H20M45S,17675,521,25,2025-10-10T14:00:06Z,0.0308910891089108,80.75,FreeCodeCamp,2025-10-10,02:00:06 PM
Harvard CS50‚Äôs Intro to Databases with SQL ‚Äì Full University Course,PT11H8M49S,86095,4010,114,2025-10-09T13:48:27Z,0.0479005749462802,668.8166666666667,FreeCodeCamp,2025-10-09,01:48:27 PM
React 19 Project Tutorial ‚Äì AI Code Explainer,PT1H13M26S,19456,831,22,2025-10-08T13:30:49Z,0.0438425164473684,73.43333333333334,FreeCodeCamp,2025-10-08,01:30:49 PM
Deep Learning Vision Architectures Explained ‚Äì Python Course on CNNs and Vision Transformers,PT5H7M28S,24531,1090,28,2025-10-07T16:17:24Z,0.0455749867514573,307.46666666666664,FreeCodeCamp,2025-10-07,04:17:24 PM
From manufacturing worker to first developer job at age 43 with Thomas Gooch [Podcast #191],PT58M55S,23888,750,40,2025-10-03T14:00:06Z,0.0330709979906229,58.91666666666666,FreeCodeCamp,2025-10-03,02:00:06 PM
Become a Fullstack Developer from Scratch ‚Äì Full Beginner‚Äôs Tutorial,P1DT23H29M21S,446538,22892,886,2025-10-01T15:57:12Z,0.0532496674415167,0.0,FreeCodeCamp,2025-10-01,03:57:12 PM
"Build a Full Stack Movie Streaming App in Go ‚Äì Golang, React, MongoDB, OpenAI API Project Course",PT14H45M26S,59134,2384,80,2025-09-30T12:28:36Z,0.0416680758954239,885.4333333333333,FreeCodeCamp,2025-09-30,12:28:36 PM
AWS CloudOps Engineer Associate (SOA-C03) Certification Course ‚Äì Pass the Exam!,P2DT18H50M25S,36164,1575,104,2025-09-29T15:33:57Z,0.0464273863510673,0.0,FreeCodeCamp,2025-09-29,03:33:57 PM
Lone Wolf Dev turned Open Source Super Contributor Tom Mondloch [Podcast #190],PT38M19S,11328,268,5,2025-09-26T14:00:06Z,0.0240995762711864,38.31666666666667,FreeCodeCamp,2025-09-26,02:00:06 PM
Production-Grade AI Project Tutorial ‚Äì Build & Deploy,PT1H44M27S,43963,1542,53,2025-09-25T13:58:50Z,0.0362805086095125,104.45,FreeCodeCamp,2025-09-25,01:58:50 PM
LLMs from Scratch ‚Äì Practical Engineering from Base Model to PPO RLHF,PT6H6M21S,95312,4763,114,2025-09-23T12:32:33Z,0.0511687930166191,366.35,FreeCodeCamp,2025-09-23,12:32:33 PM
"How to Build Advanced AI Agents ‚Äì Course for Beginners (LiveKit, Exa, LangChain)",PT49M55S,48097,1911,56,2025-09-22T14:35:42Z,0.0408965216125745,49.91666666666666,FreeCodeCamp,2025-09-22,02:35:42 PM
Learn Chess and Become a Better Developer with Ihechikara Abba (ELO rating of 2285) [Podcast #189],PT58M36S,19161,520,30,2025-09-19T14:00:05Z,0.0287041386148948,58.6,FreeCodeCamp,2025-09-19,02:00:05 PM
ASP.NET Web API ‚Äì Token Based Authentication Tutorial,PT2H4M16S,15233,575,17,2025-09-18T14:47:49Z,0.0388629948138909,124.26666666666668,FreeCodeCamp,2025-09-18,02:47:49 PM
Databricks Data Engineer Associate Certification Course ‚Äì Pass the Exam!,PT7H28M22S,49107,1478,61,2025-09-17T13:52:14Z,0.0313397275337528,448.3666666666667,FreeCodeCamp,2025-09-17,01:52:14 PM
"Code Your Own Code Editor ‚Äì JavaScript, HTML, CSS Tutorial",PT4H7M54S,38676,1648,62,2025-09-15T14:42:47Z,0.0442134657151722,247.9,FreeCodeCamp,2025-09-15,02:42:47 PM
Playing the Developer Job Search Game to Win in 2025 with Danny Thompson & Leon Noel [Podcast #188],PT56M36S,14613,427,51,2025-09-12T14:00:17Z,0.0327106001505508,56.6,FreeCodeCamp,2025-09-12,02:00:17 PM
Secure PHP Apps with Symfony & MongoDB ‚Äì Full Course for Beginners,PT38M51S,13184,466,39,2025-09-11T13:01:06Z,0.0383040048543689,38.85,FreeCodeCamp,2025-09-11,01:01:06 PM
Godot Game Development for Beginners,PT57M59S,26266,923,70,2025-09-10T13:00:48Z,0.0378055280590877,57.98333333333333,FreeCodeCamp,2025-09-10,01:00:48 PM
iOS App Store Submission Tutorial,PT1H25M38S,17527,681,30,2025-09-08T14:50:28Z,0.040565983910538,85.63333333333334,FreeCodeCamp,2025-09-08,02:50:28 PM
How to focus on building your skills when everything's so distracting with Ania Kub√≥w [Podcast #187],PT57M27S,45505,1469,51,2025-09-05T14:00:06Z,0.0334029227557411,57.45,FreeCodeCamp,2025-09-05,02:00:06 PM
Intro to Fine-Tuning Large Language Models,PT2H2M52S,41399,1356,50,2025-09-04T14:09:42Z,0.0339621729993478,122.86666666666666,FreeCodeCamp,2025-09-04,02:09:42 PM
Guide to Agentic AI ‚Äì Build a Python Coding Agent with Gemini,PT2H14M23S,91924,3433,81,2025-09-03T13:37:24Z,0.0382272311909838,134.38333333333333,FreeCodeCamp,2025-09-03,01:37:24 PM
Mandarin Chinese Language Beginners Course ‚Äì Learn HSK1 Level Mandarin,PT10H32M55S,59526,2843,401,2025-09-02T13:51:56Z,0.0544971945032422,632.9166666666666,FreeCodeCamp,2025-09-02,01:51:56 PM
"How to use AI as an accelerator, not a crutch, with freelance engineer Ankur Tyagi  [Podcast #186]",PT54M25S,17079,521,40,2025-08-29T14:00:06Z,0.0328473564025996,54.41666666666666,FreeCodeCamp,2025-08-29,02:00:06 PM
JavaScript Tutorial with Three.js ‚Äì 5 Projects for Beginners,PT1H25M13S,30492,1329,28,2025-08-27T12:50:36Z,0.0445034763216581,85.21666666666667,FreeCodeCamp,2025-08-27,12:50:36 PM
Professional Cloud Architect Certification Course ‚Äì Pass the Exam!,PT15H45M26S,28061,922,37,2025-08-26T13:42:34Z,0.0341755461316417,945.4333333333332,FreeCodeCamp,2025-08-26,01:42:34 PM
Computer Vision with Arduino Tutorial ‚Äì 2 Projects,PT2H54M45S,32149,1338,39,2025-08-25T13:59:45Z,0.0428318143643659,174.75,FreeCodeCamp,2025-08-25,01:59:45 PM
From Hospital Janitor to Developer with Emmett Naughton [Podcast #185],PT1H28M56S,12170,352,25,2025-08-22T13:15:07Z,0.0309778142974527,88.93333333333334,FreeCodeCamp,2025-08-22,01:15:07 PM
Checkmate Patterns for Beginners ‚Äì Full Chess Tutorial,PT44M13S,35206,1436,168,2025-08-21T13:30:00Z,0.0455604158382094,44.21666666666667,FreeCodeCamp,2025-08-21,01:30:00 PM
Building an AI-Powered E-commerce Chat Assistant with MongoDB ‚Äì Tutorial,PT1H42M45S,35965,1388,77,2025-08-20T13:19:46Z,0.0407340469901292,102.75,FreeCodeCamp,2025-08-20,01:19:46 PM
LLM from Scratch Tutorial ‚Äì Code & Train Qwen 3,PT1H3M4S,34478,1478,42,2025-08-19T13:58:10Z,0.0440860838795753,63.06666666666667,FreeCodeCamp,2025-08-19,01:58:10 PM
From drop-out to backpacker to self-taught developer with Dominick Monaco [Podcast #183],PT1H19M46S,13170,276,21,2025-08-15T13:00:06Z,0.0225512528473804,79.76666666666667,FreeCodeCamp,2025-08-15,01:00:06 PM
Next.js Caching & Rendering Tutorial ‚Äì Full Course for Beginners,PT1H40M57S,35877,1949,158,2025-08-13T15:53:12Z,0.0587284332580762,100.95,FreeCodeCamp,2025-08-13,03:53:12 PM
DevSecOps Course for Beginners ‚Äì API Security,PT2H2M47S,36813,1492,27,2025-08-12T13:48:57Z,0.041262597451987,122.78333333333332,FreeCodeCamp,2025-08-12,01:48:57 PM
Abandoning med school to become a software engineer with Edidiong Asikpo [Podcast #182],PT1H13M48S,16052,488,46,2025-08-08T13:00:45Z,0.0332668826314477,73.8,FreeCodeCamp,2025-08-08,01:00:45 PM
Time Series Forecasting in Python ‚Äì Tutorial for Beginners,PT1H33M1S,52059,1726,36,2025-08-07T14:14:44Z,0.0338462129506905,93.01666666666668,FreeCodeCamp,2025-08-07,02:14:44 PM
Google Cloud Associate Cloud Engineer Course [2025] - Pass the Exam!,PT11H29M36S,48566,1441,88,2025-08-05T14:16:26Z,0.0314829304451674,689.6,FreeCodeCamp,2025-08-05,02:16:26 PM
React Course for Beginners w/ Tailwind CSS [2025],PT4H42M59S,74320,2484,95,2025-08-04T13:56:59Z,0.0347012917115177,282.9833333333333,FreeCodeCamp,2025-08-04,01:56:59 PM
Senior Playstation Engineer's tips for learning new tools and getting things done [Podcast #184],PT1H24M13S,20218,555,34,2025-08-01T13:30:09Z,0.0291324562271243,84.21666666666667,FreeCodeCamp,2025-08-01,01:30:09 PM
Why Algorithms Work ‚Äì Algorithm Analysis Deep Dive Course,PT6H22M54S,47743,2143,53,2025-07-30T14:33:21Z,0.0459962717047525,382.9,FreeCodeCamp,2025-07-30,02:33:21 PM
"Comparing audio, visual, and written stories | Reading | Khan Academy",PT4M26S,2158,53,5,2025-10-17T15:14:12Z,0.0268767377201112,4.433333333333334,KhanAcademy,2025-10-17,03:14:12 PM
Gravitational forces and fields | AP Physics | Khan Academy,PT12M15S,3719,76,7,2025-10-17T13:00:12Z,0.0223178273729497,12.25,KhanAcademy,2025-10-17,01:00:12 PM
Forces at an angle | AP Physics | Khan Academy,PT13M40S,3690,82,5,2025-10-14T14:01:42Z,0.0235772357723577,13.666666666666666,KhanAcademy,2025-10-14,02:01:42 PM
Forces and free-body diagrams | AP Physics | Khan Academy,PT12M14S,9214,211,8,2025-10-10T13:58:45Z,0.0237681788582591,12.233333333333333,KhanAcademy,2025-10-10,01:58:45 PM
Projectile motion | AP Physics | Khan Academy,PT11M27S,10517,216,13,2025-10-06T15:15:32Z,0.0217742702291528,11.45,KhanAcademy,2025-10-06,03:15:32 PM
Ecological succession | Middle school biology | Khan Academy,PT7M12S,5487,78,0,2025-10-01T16:45:08Z,0.0142154182613449,7.2,KhanAcademy,2025-10-01,04:45:08 PM
Disruptions | Middle school biology | Khan Academy,PT5M28S,2045,38,0,2025-10-01T16:44:02Z,0.0185819070904645,5.466666666666667,KhanAcademy,2025-10-01,04:44:02 PM
Science on Khan Academy,PT2M44S,12623,291,17,2025-09-24T19:36:45Z,0.0243999049354353,2.7333333333333334,KhanAcademy,2025-09-24,07:36:45 PM
Constitution Day is in just a few days (Sept 17)!,PT1M2S,7264,105,7,2025-09-15T15:09:11Z,0.0154185022026431,1.0333333333333334,KhanAcademy,2025-09-15,03:09:11 PM
Khan Academy for Parents,PT1M11S,7373,130,3,2025-09-12T18:21:55Z,0.0180387901803879,1.1833333333333331,KhanAcademy,2025-09-12,06:21:55 PM
üìú Constitution Day is September 17!,PT50S,6211,66,2,2025-09-09T19:00:19Z,0.0109483175012075,0.8333333333333334,KhanAcademy,2025-09-09,07:00:19 PM
Converting polar and rectangular coordinates | Precalculus | Khan Academy,PT6M3S,7782,76,7,2025-09-09T16:47:49Z,0.0106656386533024,6.05,KhanAcademy,2025-09-09,04:47:49 PM
Applying the rational root theorem | Precalculus | Khan Academy,PT7M35S,3093,41,5,2025-09-09T16:47:46Z,0.0148722922728742,7.583333333333333,KhanAcademy,2025-09-09,04:47:46 PM
Graphs of arccos and arcsin | Precalculus | Khan Academy,PT3M37S,2271,26,3,2025-09-09T16:47:44Z,0.0127697049757815,3.6166666666666663,KhanAcademy,2025-09-09,04:47:44 PM
Identifying reference angles for negative angles in standard position | Precalculus | Khan Academy,PT3M26S,1165,13,1,2025-09-09T16:47:42Z,0.0120171673819742,3.4333333333333336,KhanAcademy,2025-09-09,04:47:42 PM
Identifying reference angles of positive angles in standard position | Precalculus | Khan Academy,PT4M36S,983,14,1,2025-09-09T16:47:40Z,0.0152594099694811,4.6,KhanAcademy,2025-09-09,04:47:40 PM
Identifying the foci of an ellipse using the radii | Precalculus | Khan Academy,PT2M30S,2327,17,1,2025-09-09T16:47:36Z,0.0077352814782982,2.5,KhanAcademy,2025-09-09,04:47:36 PM
Interpreting a transformed polynomial function's graph | Precalculus | Khan Academy,PT3M4S,668,7,1,2025-09-09T16:47:34Z,0.0119760479041916,3.066666666666667,KhanAcademy,2025-09-09,04:47:34 PM
Recursive formula for geometric sequence | Precalculus | Khan Academy,PT2M17S,2119,9,0,2025-09-09T16:47:30Z,0.0042472864558754,2.283333333333333,KhanAcademy,2025-09-09,04:47:30 PM
Recursive formula for arithmetic sequence | Precalculus | Khan Academy,PT3M9S,740,6,0,2025-09-09T16:47:27Z,0.0081081081081081,3.15,KhanAcademy,2025-09-09,04:47:27 PM
Using the quotient identities to prove trig identities | Precalculus | Khan Academy,PT2M2S,2150,5,2,2025-09-09T16:47:24Z,0.0032558139534883,2.033333333333333,KhanAcademy,2025-09-09,04:47:24 PM
Proving the formula for focal length of an ellipse | Precalculus | Khan Academy,PT3M14S,575,1,1,2025-09-09T16:47:22Z,0.0034782608695652,3.2333333333333334,KhanAcademy,2025-09-09,04:47:22 PM
Interpreting key features of polynomial graph applications | Precalculus | Khan Academy,PT2M2S,2353,9,0,2025-09-09T16:47:19Z,0.0038249043773905,2.033333333333333,KhanAcademy,2025-09-09,04:47:19 PM
Intro to polynomial synthetic division | Precalculus | Khan Academy,PT4M59S,881,11,0,2025-09-09T16:47:14Z,0.0124858115777525,4.983333333333333,KhanAcademy,2025-09-09,04:47:14 PM
Solving polynomial inequalities in factored form | Precalculus | Khan Academy,PT6M54S,1234,11,0,2025-09-09T16:47:11Z,0.0089141004862236,6.9,KhanAcademy,2025-09-09,04:47:11 PM
Graphing polar coordinates | Precalculus | Khan Academy,PT4M6S,615,4,1,2025-09-09T16:47:09Z,0.008130081300813,4.1,KhanAcademy,2025-09-09,04:47:09 PM
Parametric equations for projectile motion | Precalculus | Khan Academy,PT9M12S,427,3,0,2025-09-09T16:47:07Z,0.0070257611241217,9.2,KhanAcademy,2025-09-09,04:47:07 PM
Solving factored form rational inequalities by testing intervals | Precalculus | Khan Academy,PT8M2S,522,8,0,2025-09-09T16:47:04Z,0.0153256704980842,8.033333333333333,KhanAcademy,2025-09-09,04:47:04 PM
Solving rational inequalities from a graph | Precalculus | Khan Academy,PT1M57S,3174,8,0,2025-09-09T16:47:01Z,0.0025204788909892,1.95,KhanAcademy,2025-09-09,04:47:01 PM
Identifying if a ellipse or hyperbola exists from given key features | Precalculus | Khan Academy,PT5M2S,254,1,0,2025-09-09T16:46:49Z,0.0039370078740157,5.033333333333333,KhanAcademy,2025-09-09,04:46:49 PM
Identifying if a parabola exists from given key features | Precalculus | Khan Academy,PT4M39S,278,4,0,2025-09-09T16:46:43Z,0.014388489208633,4.65,KhanAcademy,2025-09-09,04:46:43 PM
Finding oblique asymptotes of a rational function | Precalculus | Khan Academy,PT5M16S,629,9,3,2025-09-09T16:46:16Z,0.0190779014308426,5.266666666666667,KhanAcademy,2025-09-09,04:46:16 PM
Writing the equation of an ellipse from graph | Precalculus | Khan Academy,PT3M25S,388,4,0,2025-09-09T16:45:45Z,0.0103092783505154,3.4166666666666665,KhanAcademy,2025-09-09,04:45:45 PM
Estimating an oblique asymptote graphically | Precalculus | Khan Academy,PT1M49S,1639,4,0,2025-09-09T16:45:16Z,0.0024405125076266,1.8166666666666669,KhanAcademy,2025-09-09,04:45:16 PM
Writing transformation form equations of polynomials from a graph | Precalculus | Khan Academy,PT3M33S,427,8,0,2025-09-09T16:45:01Z,0.018735362997658,3.55,KhanAcademy,2025-09-09,04:45:01 PM
Graph a polynomial with transformations | Precalculus | Khan Academy,PT4M6S,524,8,1,2025-09-09T16:44:41Z,0.0171755725190839,4.1,KhanAcademy,2025-09-09,04:44:41 PM
Solving polynomial functions using their graphs | Precalculus | Khan Academy,PT3M15S,1332,28,1,2025-09-09T16:44:19Z,0.0217717717717717,3.25,KhanAcademy,2025-09-09,04:44:19 PM
Solving polynomials using a table | Precalculus | Khan Academy,PT3M23S,679,16,0,2025-09-09T16:44:05Z,0.0235640648011782,3.3833333333333333,KhanAcademy,2025-09-09,04:44:05 PM
Analyzing horizontal asymptotes of rational functions | Precalculus | Khan Academy,PT5M51S,708,18,0,2025-09-09T16:43:28Z,0.0254237288135593,5.85,KhanAcademy,2025-09-09,04:43:28 PM
"üíô Parents and families, this back-to-school season is for you, too.",PT1M11S,7181,120,1,2025-09-08T16:01:20Z,0.0168500208884556,1.1833333333333331,KhanAcademy,2025-09-08,04:01:20 PM
Finding area-based probabilities | Probability | Geometry (TX TEKS) | Khan Academy,PT7M58S,3574,68,4,2025-09-07T07:00:06Z,0.0201454952434247,7.966666666666667,KhanAcademy,2025-09-07,07:00:06 AM
Surface area of a rectangular pyramid | Geometry (TX TEKS) | Khan Academy,PT5M38S,3596,60,1,2025-09-06T07:00:55Z,0.0169632925472747,5.633333333333333,KhanAcademy,2025-09-06,07:00:55 AM
Surface area of an octagonal pyramid | Geometry (TX TEKS) | Khan Academy,PT7M22S,1674,32,0,2025-09-06T07:00:33Z,0.019115890083632,7.366666666666666,KhanAcademy,2025-09-06,07:00:33 AM
Surface area of a cone | Geometry (TX TEKS) | Khan Academy,PT6M16S,1440,27,1,2025-09-06T07:00:08Z,0.0194444444444444,6.266666666666667,KhanAcademy,2025-09-06,07:00:08 AM
üéàüî• How do hot air balloons float? It‚Äôs not magic‚Äîit‚Äôs thermodynamics!,PT2M16S,9226,98,5,2025-09-05T19:35:53Z,0.011164101452417,2.2666666666666666,KhanAcademy,2025-09-05,07:35:53 PM
Area between sector and triangle,PT3M55S,5534,43,2,2025-09-05T07:00:34Z,0.0081315504156125,3.9166666666666665,KhanAcademy,2025-09-05,07:00:34 AM
Composite area related to circles,PT2M30S,9139,39,0,2025-09-05T07:00:29Z,0.0042674253200568,2.5,KhanAcademy,2025-09-05,07:00:29 AM
Area of regular polygon given radius | Geometry (TX TEKS) | Khan Academy,PT5M33S,1053,20,0,2025-09-05T07:00:18Z,0.0189933523266856,5.55,KhanAcademy,2025-09-05,07:00:18 AM
Finding perimeter of shape with arcs | Geometry (TX TEKS) | Khan Academy,PT4M5S,1990,43,3,2025-09-04T07:01:03Z,0.0231155778894472,4.083333333333333,KhanAcademy,2025-09-04,07:01:03 AM
Finding perimeter of shape with semicircles | Geometry (TX TEKS) | Khan Academy,PT1M59S,2241,36,3,2025-09-04T07:00:46Z,0.0174029451137884,1.9833333333333332,KhanAcademy,2025-09-04,07:00:46 AM
A History of Indigenous Women with Lily Gladstone: Ep 19 of Crash Course Native American History,PT13M42S,51239,5887,193,2025-10-14T16:00:32Z,0.1186596147465797,13.7,CrashCourse,2025-10-14,04:00:32 PM
The History of Alaskan and Hawaiian Statehood: Ep 18 of Crash Course Native American History,PT11M42S,35809,2430,41,2025-10-07T16:00:00Z,0.0690049987433326,11.7,CrashCourse,2025-10-07,04:00:00 PM
The Era of Native Urban Relocation: Ep 17 of Crash Course Native American History,PT11M16S,27157,2049,53,2025-09-30T16:00:43Z,0.0774017748646757,11.266666666666667,CrashCourse,2025-09-30,04:00:43 PM
Introduction to Federal Indian Law: Ep 16 of Crash Course Native American History,PT10M44S,32185,2293,26,2025-09-23T16:00:04Z,0.0720521982289886,10.733333333333333,CrashCourse,2025-09-23,04:00:04 PM
The Secret Language of Cults: Crash Course Lecture,PT45M30S,387357,16875,241,2025-09-16T16:00:06Z,0.044186628872074,45.5,CrashCourse,2025-09-16,04:00:06 PM
The Native Civil Rights Movement: Ep 15 of Crash Course Native American History,PT10M56S,44474,2970,25,2025-09-09T16:00:03Z,0.067342717093133,10.933333333333334,CrashCourse,2025-09-09,04:00:03 PM
The Termination Act Explained: Ep 14 of Crash Course Native American History,PT12M8S,35128,2413,56,2025-09-02T16:00:32Z,0.0702858118879526,12.133333333333333,CrashCourse,2025-09-02,04:00:32 PM
The Indian Reorganization Act Explained: Ep 13 of Crash Course Native American History,PT11M46S,42276,2595,38,2025-08-26T16:00:28Z,0.0622811997350742,11.766666666666667,CrashCourse,2025-08-26,04:00:28 PM
The History of America‚Äôs Indian Boarding Schools: Ep 12 of Crash Course Native American History,PT11M3S,61209,3367,106,2025-08-12T16:01:17Z,0.0567400218922053,11.05,CrashCourse,2025-08-12,04:01:17 PM
From the Trail of Tears to Wounded Knee: Ep 11 of Crash Course Native American History,PT11M8S,52922,3255,67,2025-08-05T16:01:00Z,0.0627716261668115,11.133333333333333,CrashCourse,2025-08-05,04:01:00 PM
The Truth About Columbus‚Äôs ‚ÄúFirst Contact‚Äù: Ep 10 of Crash Course Native American History,PT12M9S,158728,9012,74,2025-07-29T16:00:23Z,0.0572425784990675,12.15,CrashCourse,2025-07-29,04:00:23 PM
What are the Fish Wars and Why Do They Matter?: Ep 9 of Crash Course Native American History,PT10M56S,55413,3400,77,2025-07-15T16:00:24Z,0.062747008824644,10.933333333333334,CrashCourse,2025-07-15,04:00:24 PM
Introduction to Indigenous Knowledge : Ep 8 of Crash Course Native American History,PT8M53S,83350,5852,72,2025-07-08T16:00:38Z,0.0710737852429514,8.883333333333333,CrashCourse,2025-07-08,04:00:38 PM
The Real Impacts of Archaeology on Native Americans: Ep 7 of Crash Course Native American History,PT11M37S,56450,4089,69,2025-07-01T16:00:53Z,0.0736581045172719,11.616666666666667,CrashCourse,2025-07-01,04:00:53 PM
What is kink?: Sex Ed #15,PT8M9S,139342,4340,86,2025-06-26T16:01:15Z,0.0317635745145038,8.15,CrashCourse,2025-06-26,04:01:15 PM
Unpacking masturbation: Sex Ed #14,PT8M,254626,5930,38,2025-06-19T16:00:05Z,0.0234382977386441,8.0,CrashCourse,2025-06-19,04:00:05 PM
What Do Native Cultures Have in Common?: Ep 6 of Crash Course Native American History,PT11M11S,78543,5946,74,2025-06-17T16:00:03Z,0.0766459137033217,11.183333333333334,CrashCourse,2025-06-17,04:00:03 PM
What to know about orgasms: Sex Ed #13,PT9M27S,162585,4797,46,2025-06-12T16:01:00Z,0.0297874957714426,9.45,CrashCourse,2025-06-12,04:01:00 PM
Why Land Matters to Native Americans: Ep 5 of Crash Course Native American History,PT10M52S,72972,4851,58,2025-06-10T16:00:35Z,0.0672723784465274,10.866666666666667,CrashCourse,2025-06-10,04:00:35 PM
Let's talk about porn literacy: Sex Ed #12,PT9M41S,284331,4835,0,2025-06-05T16:00:25Z,0.0170048288790177,9.683333333333334,CrashCourse,2025-06-05,04:00:25 PM
What Makes Someone Native American?: Ep 4 of Crash Course Native American History,PT12M13S,92827,6240,103,2025-06-03T16:00:57Z,0.0683314121968823,12.216666666666669,CrashCourse,2025-06-03,04:00:57 PM
Myths & Misconceptions About Native Americans: Ep 3 of Crash Course Native American History,PT12M35S,177749,11197,142,2025-05-27T16:00:28Z,0.0637922013625955,12.583333333333334,CrashCourse,2025-05-27,04:00:28 PM
What is consent?: Sex Ed #11,PT9M28S,84395,3604,57,2025-05-22T16:01:19Z,0.0433793471177202,9.466666666666669,CrashCourse,2025-05-22,04:01:19 PM
The 2025 Crash Course Coin,PT5M22S,68360,4963,98,2025-05-20T16:00:49Z,0.0740345231129315,5.366666666666666,CrashCourse,2025-05-20,04:00:49 PM
Understanding Abortion: Sex Ed #10,PT8M54S,87062,3646,0,2025-05-15T16:00:35Z,0.0418782017412878,8.9,CrashCourse,2025-05-15,04:00:35 PM
Tribal Sovereignty Explained: Ep 2 of Crash Course Native American History,PT11M22S,107404,7615,57,2025-05-13T16:00:34Z,0.0714312316114856,11.366666666666667,CrashCourse,2025-05-13,04:00:34 PM
Pregnancy & Childbirth: Sex Ed #9,PT10M5S,132743,3275,51,2025-05-08T16:01:25Z,0.0250559351528894,10.083333333333334,CrashCourse,2025-05-08,04:01:25 PM
Introduction to Native American History: Ep 1 of Crash Course Native American History,PT12M48S,306863,19332,300,2025-05-06T16:01:00Z,0.0639764324796407,12.8,CrashCourse,2025-05-06,04:01:00 PM
Birth Control Explained: Sex Ed #8,PT12M40S,110958,4110,69,2025-05-01T16:01:05Z,0.0376628994754772,12.666666666666666,CrashCourse,2025-05-01,04:01:05 PM
Crash Course Native American History Preview,PT2M28S,89325,8951,389,2025-04-29T16:00:23Z,0.1045619927232018,2.466666666666667,CrashCourse,2025-04-29,04:00:23 PM
Getting real about STIs: Sex Ed #7,PT9M47S,164010,4190,61,2025-04-24T16:00:54Z,0.0259191512712639,9.783333333333331,CrashCourse,2025-04-24,04:00:54 PM
Is virginity real?: Sex Ed #6,PT9M48S,156294,5652,56,2025-04-17T16:00:38Z,0.036520915710136,9.8,CrashCourse,2025-04-17,04:00:38 PM
Unpacking Sexual Orientation: Sex Ed #5,PT10M2S,196624,4864,50,2025-04-10T16:00:50Z,0.0249918626413866,10.033333333333331,CrashCourse,2025-04-10,04:00:50 PM
What is gender identity?: Sex Ed #4,PT11M7S,103118,6535,0,2025-04-03T16:01:01Z,0.0633739987199131,11.116666666666667,CrashCourse,2025-04-03,04:01:01 PM
The Penis Explained: Sex Ed #3,PT10M16S,308318,7932,46,2025-03-27T16:00:45Z,0.0258758813951828,10.266666666666667,CrashCourse,2025-03-27,04:00:45 PM
The Vulva & Vagina Explained: Sex Ed #2,PT9M35S,289353,9139,132,2025-03-20T16:00:38Z,0.0320404488634989,9.583333333333334,CrashCourse,2025-03-20,04:00:38 PM
What is sex?: Sex Ed #1,PT9M52S,911047,10986,214,2025-03-13T16:00:35Z,0.0122935479728268,9.866666666666667,CrashCourse,2025-03-13,04:00:35 PM
Crash Course Sex Ed Preview,PT2M48S,210802,6650,218,2025-03-06T17:01:00Z,0.0325803360499426,2.8,CrashCourse,2025-03-06,05:01:00 PM
Religions and Pop Culture: Crash Course Religions #24,PT11M58S,119421,6895,321,2025-03-04T17:00:19Z,0.0604248833957176,11.966666666666669,CrashCourse,2025-03-04,05:00:19 PM
What Does Religious Freedom Mean?: Crash Course Religions #23,PT12M58S,111335,5687,73,2025-02-25T17:00:04Z,0.0517357524587955,12.966666666666669,CrashCourse,2025-02-25,05:00:04 PM
Visions of the End of the World: Crash Course Religions #22,PT12M23S,134186,6499,90,2025-02-18T17:01:19Z,0.0491034832247775,12.383333333333333,CrashCourse,2025-02-18,05:01:19 PM
The Power of Political Recognition,PT14M9S,50608,2832,56,2025-02-13T17:00:11Z,0.0570660765096427,14.15,CrashCourse,2025-02-13,05:00:11 PM
What Does Race Have to Do with Religion?: Crash Course Religions #21,PT11M33S,107860,6166,0,2025-02-11T17:00:36Z,0.0571666975709252,11.55,CrashCourse,2025-02-11,05:00:36 PM
Should Art Be Political?,PT12M45S,55717,2749,117,2025-02-06T17:00:43Z,0.0514385196618626,12.75,CrashCourse,2025-02-06,05:00:43 PM
What Do Sex and Gender Have to Do with Religion?: Crash Course Religions #20,PT12M43S,156984,8179,0,2025-02-04T17:00:09Z,0.0521008510421444,12.716666666666669,CrashCourse,2025-02-04,05:00:09 PM
Is Utopia Actually Possible?,PT11M5S,73264,3381,86,2025-01-30T17:01:05Z,0.0473220135400742,11.083333333333334,CrashCourse,2025-01-30,05:01:05 PM
Are Science and Religion Compatible?: Crash Course Religions #19,PT12M13S,137237,6743,0,2025-01-28T17:00:41Z,0.0491339799033788,12.216666666666669,CrashCourse,2025-01-28,05:00:41 PM
Philosophies of Punishment & The Prison Abolition Movement,PT11M3S,81414,4016,164,2025-01-23T17:00:58Z,0.051342520942344,11.05,CrashCourse,2025-01-23,05:00:58 PM
"Religion, Spirituality, and the Supernatural: Crash Course Religions #18",PT13M6S,119684,5863,57,2025-01-21T19:15:01Z,0.0494635874469436,13.1,CrashCourse,2025-01-21,07:15:01 PM
Political Cosmopolitanism,PT13M3S,70454,3380,75,2025-01-16T17:01:10Z,0.0490390893348851,13.05,CrashCourse,2025-01-16,05:01:10 PM
The dynamics of e^(œÄi),PT1M46S,607239,19076,235,2025-10-12T12:40:46Z,0.0318013171090789,1.7666666666666666,3Blue1Brown,2025-10-12,12:40:46 PM
But what is a Laplace Transform?,PT34M41S,650596,28275,1215,2025-10-12T11:19:53Z,0.0453276687836998,34.68333333333333,3Blue1Brown,2025-10-12,11:19:53 AM
The Physics of Euler's Formula | Laplace Transform Prelude,PT27M49S,526252,25724,1064,2025-10-05T13:53:28Z,0.0509033694883819,27.816666666666663,3Blue1Brown,2025-10-05,01:53:28 PM
What was Euclid really doing? | Guest video by Ben Syversen,PT33M29S,464525,18838,1107,2025-09-18T14:13:05Z,0.0429363328130886,33.483333333333334,3Blue1Brown,2025-09-18,02:13:05 PM
Incomplete open cubes,PT1M12S,157167,5998,61,2025-09-07T12:25:58Z,0.0385513498380703,1.2,3Blue1Brown,2025-09-07,12:25:58 PM
Exploration & Epiphany | Guest video by Paul Dancstep,PT52M12S,370874,17816,960,2025-09-07T12:25:03Z,0.0506263582780135,52.2,3Blue1Brown,2025-09-07,12:25:03 PM
Simulating and understanding phase change | Guest video by Vilas Winstein,PT41M3S,369191,14349,535,2025-08-28T14:00:47Z,0.0403151756137067,41.05,3Blue1Brown,2025-08-28,02:00:47 PM
How AI connects text and images,PT1M43S,71938,2583,35,2025-08-21T18:24:11Z,0.0363924490533515,1.7166666666666668,3Blue1Brown,2025-08-21,06:24:11 PM
The AI that solved IMO Geometry Problems | Guest video by @Aleph0,PT13M31S,363416,20636,998,2025-08-17T13:02:50Z,0.0595295749224029,13.516666666666667,3Blue1Brown,2025-08-17,01:02:50 PM
But how do AI images and videos actually work? | Guest video by Welch Labs,PT37M20S,1213197,47680,1622,2025-07-25T12:14:11Z,0.0406380826856644,37.333333333333336,3Blue1Brown,2025-07-25,12:14:11 PM
Where my explanation of Grover‚Äôs algorithm failed,PT16M23S,542046,23833,1878,2025-05-04T11:45:24Z,0.0474332436730462,16.383333333333333,3Blue1Brown,2025-05-04,11:45:24 AM
But what is quantum computing?  (Grover's Algorithm),PT36M54S,2343848,76087,3148,2025-04-30T12:32:19Z,0.0338055198118649,36.9,3Blue1Brown,2025-04-30,12:32:19 PM
Testing your intuition for quantum computing,PT1M41S,1205279,33669,382,2025-04-30T12:32:13Z,0.0282515500560451,1.6833333333333331,3Blue1Brown,2025-04-30,12:32:13 PM
How to measure nearby galaxies,PT1M3S,165773,4196,51,2025-04-20T19:36:10Z,0.0256193710676648,1.05,3Blue1Brown,2025-04-20,07:36:10 PM
Measuring the distance to Venus without radar,PT2M21S,400393,19210,245,2025-04-08T13:45:00Z,0.0485897605602495,2.35,3Blue1Brown,2025-04-08,01:45:00 PM
Measuring the speed of light using Jupiter's moons,PT1M45S,2288230,96255,913,2025-04-07T15:57:13Z,0.0424642627707879,1.75,3Blue1Brown,2025-04-07,03:57:13 PM
The tragic tale of Guillaume Le Gentil,PT56S,279403,12166,198,2025-03-27T16:01:04Z,0.0442514933626339,0.9333333333333332,3Blue1Brown,2025-03-27,04:01:04 PM
Zooming out by powers of 10,PT1M38S,2642978,155958,2184,2025-03-26T18:37:29Z,0.0598347772853198,1.6333333333333333,3Blue1Brown,2025-03-26,06:37:29 PM
Why colliding blocks compute pi,PT26M7S,4123288,101060,2710,2025-03-13T15:36:52Z,0.0251668086245734,26.116666666666667,3Blue1Brown,2025-03-13,03:36:52 PM
When being beautifully wrong leads to discovery,PT1M1S,2361761,142247,789,2025-02-28T15:00:44Z,0.0605632830756372,1.0166666666666666,3Blue1Brown,2025-02-28,03:00:44 PM
Why the ancient Greeks rejected heliocentrism,PT1M46S,1304842,93613,1963,2025-02-27T15:00:48Z,0.0732471824174881,1.7666666666666666,3Blue1Brown,2025-02-27,03:00:48 PM
How to estimate the distance to the sun,PT1M32S,1373571,75632,1001,2025-02-26T15:01:03Z,0.0557910730497367,1.5333333333333332,3Blue1Brown,2025-02-26,03:01:03 PM
How Aristarchus deduced the distance to the moon,PT53S,126417,7477,111,2025-02-25T15:00:57Z,0.0600235727789775,0.8833333333333333,3Blue1Brown,2025-02-25,03:00:57 PM
Terence Tao continuing history‚Äôs cleverest cosmological measurements,PT25M35S,1134075,49964,1895,2025-02-23T14:54:42Z,0.0457280162246764,25.58333333333333,3Blue1Brown,2025-02-23,02:54:42 PM
How Earth's size was computed by Eratosthenes,PT2M7S,271141,10633,276,2025-02-12T15:00:17Z,0.0402336791558635,2.1166666666666667,3Blue1Brown,2025-02-12,03:00:17 PM
Terence Tao on the cosmic distance ladder,PT28M33S,3433325,120696,3803,2025-02-08T13:35:15Z,0.0362619326745938,28.55,3Blue1Brown,2025-02-08,01:35:15 PM
Measuring the earth with Terence Tao,PT1M22S,433708,24070,419,2025-02-08T13:35:06Z,0.0564642570577439,1.3666666666666667,3Blue1Brown,2025-02-08,01:35:06 PM
The topology of two-note chords,PT2M3S,1114332,68948,604,2025-01-30T15:00:25Z,0.0624158688792927,2.05,3Blue1Brown,2025-01-30,03:00:25 PM
The barber pole optical mystery,PT3M,892447,53601,539,2025-01-06T15:37:38Z,0.060664666921397,3.0,3Blue1Brown,2025-01-06,03:37:38 PM
Monge's Theorem,PT59S,2219315,109077,470,2024-12-29T16:00:54Z,0.0493607261700119,0.9833333333333332,3Blue1Brown,2024-12-29,04:00:54 PM
Thinking through double slits,PT1M49S,590678,33677,320,2024-12-26T16:48:04Z,0.0575558933970792,1.8166666666666669,3Blue1Brown,2024-12-26,04:48:04 PM
The inscribed square problem,PT58S,4173499,194002,942,2024-12-24T18:46:12Z,0.0467099668647338,0.9666666666666668,3Blue1Brown,2024-12-24,06:46:12 PM
This open problem taught me what topology is,PT27M26S,1904896,66426,2210,2024-12-24T17:50:32Z,0.0360313633920172,27.433333333333334,3Blue1Brown,2024-12-24,05:50:32 PM
The meaning within the Mandelbrot set,PT1M45S,722273,49417,331,2024-11-24T17:00:57Z,0.068877003570672,1.75,3Blue1Brown,2024-11-24,05:00:57 PM
The scale of training LLMs,PT32S,389895,20539,450,2024-11-20T15:07:29Z,0.0538324420677361,0.5333333333333333,3Blue1Brown,2024-11-20,03:07:29 PM
Large Language Models explained briefly,PT7M58S,4040980,134013,1843,2024-11-20T15:07:15Z,0.0336195675306485,7.966666666666667,3Blue1Brown,2024-11-20,03:07:15 PM
This puzzle is trickier than it seems,PT1M45S,1308383,74487,688,2024-11-19T19:06:45Z,0.0574564175780333,1.75,3Blue1Brown,2024-11-19,07:06:45 PM
Sphere surface area proof sketch,PT1M25S,1491698,96356,432,2024-11-17T16:00:10Z,0.0648844471199934,1.4166666666666667,3Blue1Brown,2024-11-17,04:00:10 PM
Newton‚Äôs Fractal is beautiful,PT3M,199752,13748,124,2024-11-16T16:53:52Z,0.0694461131803436,3.0,3Blue1Brown,2024-11-16,04:53:52 PM
The Triangle Of Power,PT2M27S,518228,41994,672,2024-11-15T15:58:23Z,0.0823305572064805,2.45,3Blue1Brown,2024-11-15,03:58:23 PM
The twirling tiles puzzle,PT1M,243287,11274,99,2024-11-13T18:01:06Z,0.0467472573544825,1.0,3Blue1Brown,2024-11-13,06:01:06 PM
A bizarre probability fact,PT2M49S,1521667,111923,989,2024-11-12T23:09:05Z,0.0742028314999273,2.8166666666666664,3Blue1Brown,2024-11-12,11:09:05 PM
Five puzzles for thinking outside the box,PT29M42S,1580255,59505,2424,2024-11-08T13:34:50Z,0.0391892447737865,29.7,3Blue1Brown,2024-11-08,01:34:50 PM
LLMs are next-word predictors,PT49S,190886,11132,137,2024-11-04T15:24:37Z,0.059035235690412,0.8166666666666667,3Blue1Brown,2024-11-04,03:24:37 PM
How I animate 3Blue1Brown | A Manim demo with Ben Sparks,PT53M41S,2357850,78512,2161,2024-10-12T13:00:39Z,0.0342146446974998,53.68333333333333,3Blue1Brown,2024-10-12,01:00:39 PM
Hologram preview,PT58S,61774,3716,47,2024-10-11T14:00:27Z,0.0609155955580017,0.9666666666666668,3Blue1Brown,2024-10-11,02:00:27 PM
Holograms are wild (full video linked above),PT55S,1995601,118690,842,2024-10-05T15:35:00Z,0.0598977450903261,0.9166666666666666,3Blue1Brown,2024-10-05,03:35:00 PM
How are holograms possible?,PT46M24S,5499681,141610,5227,2024-10-05T15:31:58Z,0.0266991849163615,46.4,3Blue1Brown,2024-10-05,03:31:58 PM
How might LLMs store facts | Deep Learning Chapter 7,PT22M43S,1673713,45966,1316,2024-08-31T12:11:19Z,0.0282497656408237,22.716666666666665,3Blue1Brown,2024-08-31,12:11:19 PM
In the vector space of all advice...,PT57S,287558,16274,124,2024-05-22T17:56:07Z,0.0570250175616745,0.95,3Blue1Brown,2024-05-22,05:56:07 PM
The weirdest stuff orbiting Earth - Jim Bentley and Imogen Ellen Napper,PT5M23S,81067,2997,138,2025-10-16T15:00:29Z,0.0386717159880099,5.383333333333334,TED-Ed,2025-10-16,03:00:29 PM
Are vampire bats dangerous? - Imran Razik,PT5M59S,116211,4377,216,2025-10-14T15:00:53Z,0.03952293672716,5.983333333333333,TED-Ed,2025-10-14,03:00:53 PM
Inside the mind of a drummer | Think Like A Musician,PT7M33S,140427,4696,130,2025-10-09T15:01:56Z,0.034366610409679,7.55,TED-Ed,2025-10-09,03:01:56 PM
How exactly do inhalers work? - Anna Rothschild,PT4M40S,276547,7941,235,2025-10-07T15:00:58Z,0.0295645948066693,4.666666666666667,TED-Ed,2025-10-07,03:00:58 PM
Your phone‚Äôs camera isn‚Äôt as good as you think - Rachel Yang,PT4M20S,274232,8189,310,2025-10-02T15:00:59Z,0.030992006767992,4.333333333333333,TED-Ed,2025-10-02,03:00:59 PM
The Greek myth of the Fates‚Äô prophecy - Iseult Gillespie,PT4M55S,267558,7936,307,2025-09-30T15:00:30Z,0.0308082733463398,4.916666666666667,TED-Ed,2025-09-30,03:00:30 PM
Is it really that bad to eat cookie dough? - Emma Bryce,PT5M5S,393660,10015,354,2025-09-25T15:03:12Z,0.026339988822842,5.083333333333333,TED-Ed,2025-09-25,03:03:12 PM
The myth of Dionysus‚Äô drunken revenge - Iseult Gillespie,PT5M49S,260497,7534,322,2025-09-23T15:00:35Z,0.0301577369413083,5.816666666666666,TED-Ed,2025-09-23,03:00:35 PM
How do sinkholes swallow entire houses and cities? - Elise Cutts,PT4M36S,170106,5147,183,2025-09-18T15:04:17Z,0.0313334038775822,4.6,TED-Ed,2025-09-18,03:04:17 PM
How to improve your singing | Think Like A Musician,PT5M46S,769210,9038,177,2025-09-16T15:02:05Z,0.0119798234552332,5.766666666666667,TED-Ed,2025-09-16,03:02:05 PM
"If you had the chance to be immortal, would you take it? - Sarah Stroud and Michael Vazquez",PT5M40S,1123707,26952,4230,2025-09-11T15:01:16Z,0.0277492264442599,5.666666666666667,TED-Ed,2025-09-11,03:01:16 PM
"What are truffles, and why are they so expensive? - Carolyn Beans",PT6M29S,447577,10804,257,2025-09-09T15:01:31Z,0.0247130661316376,6.483333333333333,TED-Ed,2025-09-09,03:01:31 PM
How we got hooked on credit cards - Nidhi Upadhyaya,PT4M55S,167706,5870,271,2025-09-04T15:00:50Z,0.0366176523201316,4.916666666666667,TED-Ed,2025-09-04,03:00:50 PM
Can humans be trusted with control over genetics? - Michael Vazquez and Raye Ploeger,PT5M12S,116830,4371,607,2025-09-02T15:00:11Z,0.0426089189420525,5.2,TED-Ed,2025-09-02,03:00:11 PM
Why are there so many different kinds of dogs? - Kathleen Morrill Pirovich,PT5M6S,359834,8899,261,2025-08-28T15:00:52Z,0.0254561825730753,5.1,TED-Ed,2025-08-28,03:00:52 PM
Can you figure out the savanna mystery? - Cella Wright,PT6M15S,325623,10712,385,2025-08-26T15:00:41Z,0.034079288010982,6.25,TED-Ed,2025-08-26,03:00:41 PM
Can saunas make you live longer? - Max G. Levy,PT5M1S,821300,18676,643,2025-08-21T15:00:38Z,0.0235224643857299,5.016666666666667,TED-Ed,2025-08-21,03:00:38 PM
"Mood lighting, mating, and murder: The scintillating lives of fireflies - Emily A. Geest",PT5M5S,110393,4211,119,2025-08-19T15:00:46Z,0.0392235014901307,5.083333333333333,TED-Ed,2025-08-19,03:00:46 PM
How smart are crows? - Katharina Brecht,PT4M49S,869313,26658,864,2025-08-14T15:00:43Z,0.0316594828329957,4.816666666666666,TED-Ed,2025-08-14,03:00:43 PM
The ginormous collision that tilted our planet - Elise Cutts,PT4M56S,138228,5784,230,2025-08-12T15:00:38Z,0.0435078276470758,4.933333333333334,TED-Ed,2025-08-12,03:00:38 PM
What should you do if you accidentally cut off your finger? - Jason Hoellwarth,PT5M51S,859193,19558,948,2025-08-07T15:00:29Z,0.0238665817808105,5.85,TED-Ed,2025-08-07,03:00:29 PM
5 ways to connect with people,PT8M9S,178910,6091,99,2025-08-05T14:58:07Z,0.034598401430887,8.15,TED-Ed,2025-08-05,02:58:07 PM
The Greek tragedy of Oedipus' daughter - Stephen Esposito,PT5M41S,282722,8658,250,2025-07-31T15:54:08Z,0.0315079831070804,5.683333333333334,TED-Ed,2025-07-31,03:54:08 PM
How to speak with meaning,PT10M24S,190490,7949,119,2025-07-29T15:01:32Z,0.0423539293401228,10.4,TED-Ed,2025-07-29,03:01:32 PM
What your poop can tell you about your health - Hannibal Person,PT5M59S,350343,8711,425,2025-07-24T15:00:32Z,0.0260773013874973,5.983333333333333,TED-Ed,2025-07-24,03:00:32 PM
What‚Äôs the best way to give a presentation?,PT8M7S,362727,14052,245,2025-07-22T15:00:08Z,0.0394153178561287,8.116666666666667,TED-Ed,2025-07-22,03:00:08 PM
What happens to your brain without any social contact? - Terry Kupers,PT6M52S,4172039,145046,8337,2025-07-17T15:00:56Z,0.0367645173019715,6.866666666666667,TED-Ed,2025-07-17,03:00:56 PM
How to communicate clearly,PT7M11S,390877,18240,196,2025-07-15T15:00:33Z,0.0471657324426865,7.183333333333334,TED-Ed,2025-07-15,03:00:33 PM
Why is it so hard to get rid of bed bugs? - Gale E. Ridge,PT6M24S,276100,6304,396,2025-07-10T15:00:52Z,0.0242665700833031,6.4,TED-Ed,2025-07-10,03:00:52 PM
How to uncover your best ideas,PT4M1S,236558,6274,173,2025-07-08T15:00:37Z,0.027253358584364,4.016666666666667,TED-Ed,2025-07-08,03:00:37 PM
Are there really dead wasps in figs? - Carolyn Beans,PT5M20S,832348,16638,757,2025-07-03T15:47:40Z,0.0208987106354553,5.333333333333333,TED-Ed,2025-07-03,03:47:40 PM
What happens when you share an idea?,PT5M30S,236825,7062,207,2025-07-01T14:58:50Z,0.0306935500897287,5.5,TED-Ed,2025-07-01,02:58:50 PM
How did NASA touch the Sun without melting?,PT5M48S,397214,10130,414,2025-06-26T15:01:16Z,0.0265448851248948,5.8,TED-Ed,2025-06-26,03:01:16 PM
The physics behind Einstein‚Äôs most famous equation - Lindsay DeMarchi and Fabio Pacucci,PT5M26S,330994,10482,350,2025-06-24T15:01:18Z,0.03272566874324,5.433333333333334,TED-Ed,2025-06-24,03:01:18 PM
Ethical dilemma: Should knowledge be free? - Michael Vazquez and Will Kanwischer,PT6M1S,269195,9275,762,2025-06-18T15:00:48Z,0.0372852393246531,6.016666666666667,TED-Ed,2025-06-18,03:00:48 PM
Why was bloodletting so popular? - Stephanie Honchell Smith,PT6M33S,237491,6056,243,2025-06-17T15:00:56Z,0.0265231103494448,6.55,TED-Ed,2025-06-17,03:00:56 PM
The dark history of Graham crackers - Stephanie Honchell Smith,PT5M44S,633950,14922,598,2025-06-12T15:01:22Z,0.0244814259799668,5.733333333333333,TED-Ed,2025-06-12,03:01:22 PM
How much do you really know about Ancient Rome? - Stephanie Honchell Smith,PT6M21S,413644,12300,382,2025-06-10T15:01:37Z,0.030659214203518,6.35,TED-Ed,2025-06-10,03:01:37 PM
The surprising new treatment for mental illness - Anees Bahji,PT6M27S,260220,8387,398,2025-06-05T15:01:23Z,0.0337598954730612,6.45,TED-Ed,2025-06-05,03:01:23 PM
Why do so many cultures have dragon legends? - Timothy J. Burbery,PT5M31S,1679819,65976,2056,2025-06-03T15:00:55Z,0.0404996014451557,5.516666666666667,TED-Ed,2025-06-03,03:00:55 PM
Would you eat a ghost pepper for a prize? - Dan Kwartler,PT5M20S,344703,8372,203,2025-05-29T15:00:51Z,0.0248764878750692,5.333333333333333,TED-Ed,2025-05-29,03:00:51 PM
The trillion dollar paradox - George Zaidan,PT5M41S,385942,11266,585,2025-05-27T15:00:01Z,0.0307066864969347,5.683333333333334,TED-Ed,2025-05-27,03:00:01 PM
When should you break a promise? - Sarah Stroud and Michael Vazquez,PT4M49S,193671,6488,467,2025-05-22T15:00:55Z,0.0359114167841339,4.816666666666666,TED-Ed,2025-05-22,03:00:55 PM
Can you survive a Komodo dragon bite? - Achmad Ariefiandy,PT6M5S,764748,14964,622,2025-05-20T15:00:48Z,0.0203805698086166,6.083333333333333,TED-Ed,2025-05-20,03:00:48 PM
What inspired us to create Pandora‚Äôs Legacy? #shorts #puzzle #escaperoom #boardgames,PT2M34S,59043,1031,24,2025-05-16T18:32:57Z,0.0178683332486492,2.5666666666666664,TED-Ed,2025-05-16,06:32:57 PM
How much does it cost to fly private? - Rachel Yang,PT5M31S,464353,11568,606,2025-05-15T15:01:31Z,0.0262171236107013,5.516666666666667,TED-Ed,2025-05-15,03:01:31 PM
Behind-the-scenes look at illustrator Senne Trip creating the art of Pandora‚Äôs Legacy,PT57S,64280,1259,24,2025-05-14T17:52:03Z,0.0199595519601742,0.95,TED-Ed,2025-05-14,05:52:03 PM
The clever trick used by sports betting apps - Shannon Odell,PT5M50S,369769,11729,452,2025-05-13T15:01:33Z,0.0329421882310307,5.833333333333333,TED-Ed,2025-05-13,03:01:33 PM
It‚Äôs not your typical jigsaw puzzle ‚Äî it‚Äôs your next great adventure,PT17S,49122,496,8,2025-05-09T15:18:42Z,0.010260168559912,0.2833333333333333,TED-Ed,2025-05-09,03:18:42 PM
Is this the grossest parasite? - Niko Zlotnik,PT5M49S,253452,6462,311,2025-05-08T15:01:27Z,0.0267230086959266,5.816666666666666,TED-Ed,2025-05-08,03:01:27 PM
